<?xml version="1.0" encoding="UTF-8"?>
<schemalist>
  <schema id="org.gnome.shell.extensions.wintile" path="/org/gnome/shell/extensions/wintile/">
    <key name="cols" type="i">
      <default>2</default>
      <summary>Number of columns</summary>
      <description></description>
      <range min="1" max="5"/>
    </key>
    <key name="rows" type="i">
      <default>2</default>
      <summary>Number of rows</summary>
      <description></description>
      <range min="1" max="5"/>
    </key>
    <key name="ultrawide-only" type="b">
        <default>false</default>
        <summary>Ultrawide only</summary>
        <description>When turned on, any monitor with a ratio less &lt;= 16:9 will use different row and col counts.</description>
    </key>
    <key name="non-ultra-cols" type="i">
      <default>2</default>
      <summary>Number of columns for non-ultrawide</summary>
      <description></description>
      <range min="1" max="5"/>
    </key>
    <key name="non-ultra-rows" type="i">
      <default>2</default>
      <summary>Number of rows for non-ultrawide</summary>
      <description></description>
      <range min="1" max="5"/>
    </key>
    <key name="use-maximize" type="b">
      <default>true</default>
      <summary>Turn on/off use of maximizing windows</summary>
      <description>When on, certain windows that won't resize full screen like Terminal will, however animations may occur between tile shifts.</description>
    </key>
    <key name="use-minimize" type="b">
      <default>true</default>
      <summary>Turn use of minimizing windows on/off</summary>
      <description>When off, windows will never be minimized.</description>
    </key>
    <key name="preview" type="b">
      <default>true</default>
      <summary>Turn on/off mouse positioning</summary>
      <description>When on, dragging windows with the mouse will allow placement into the grid.</description>
    </key>
    <key name="double-width" type="b">
      <default>true</default>
      <summary>Use double width previews on sides in 4 column mode</summary>
      <description>When on, dragging a window to the side will preview 2 columns wide instead of 1.</description>
    </key>
    <key name="distance" type="i">
      <default>25</default>
      <summary>Pixels from edge to start preview</summary>
      <description></description>
      <range min="0" max="150"/>
    </key>
    <key name="delay" type="i">
      <default>500</default>
      <summary>Delay in ms before preview displays</summary>
      <description></description>
      <range min="25" max="1000"/>
    </key>
    <key name="gap" type="i">
      <default>0</default>
      <summary>Gap width around tiles</summary>
      <description></description>
      <range min="0" max="50"/>
    </key>
    <key name="debug" type="b">
      <default>false</default>
      <summary>Turn on/off debug output</summary>
      <description></description>
    </key>
  </schema>
</schemalist>
